0,100Bares
1,120dBFilms
2,1492Pictures
3,2.0Entertainment
4,2015PROJECTLovelive!Movie
5,20thCenturyFox
6,20thCenturyFoxAnimation
7,20thCenturyFoxBrazil
8,20thCenturyFoxHomeEntertainment
9,20thCenturyFoxJapan
10,20thCenturyFoxTelevision
11,20thCenturyStudios
12,20thTelevision
13,20thTelevisionAnimation
14,21LapsEntertainment
15,22DMusic
16,2Minutes
17,310Studios
18,343Industries
19,369Productions
20,3ArtsEntertainment
21,3Beep
22,3DFilms
23,3DoublesProducciones
24,3QUMedia
25,41Entertainment
26,4CatsPictures
27,4KidsEntertainment
28,501stJointFighterWing
29,7RegióndeMurcia
30,81Produce
31,8bit
32,95AnimationStudio
33,9StoryMediaGroup
34,A-1Pictures
35,A-Production
36,A.D.Vision
37,A.FilmProduction
38,AAAProduction
39,ABCAnimation
40,ABCStudios
41,ACCProduction
42,ADKEmotions
43,ADKMarketingSolutions
44,ADVFilms
45,AICA.S.T.A.
46,AISensAnimation
47,AKOMProductionCompany
48,AMUSE
49,ANIMA
50,ANTORCHAFILMS
51,APPPCompany
52,APrivateView
53,ARECT
54,ARMS
55,ARPSélection
56,ARTE
57,ARTEFranceCinéma
58,ARTMICCo.
59,ASCIICorporation
60,ASCIIMediaWorks
61,ASIAPicturesEntertainment
62,AT-X
63,ATHANOR
64,AVCOEmbassyPictures
65,AZWorks
66,Aardman
67,AbanoProductions
68,AbeShuji
69,Able&Baker
70,AbominablePictures
71,AbraProducciones
72,AbrakanEstudio
73,AbsolonFilms
74,AcademyofArtUniversity
75,AcademyofTelevisionArts&Sciences
76,AchterbahnAG
77,Actas
78,ActeursAuteursAssociés(AAA)
79,ActionSynthese
80,ActonFilms
81,AdamBenjaminElliotPty.Ltd.
82,AdelaideProductions
83,Admira
84,AdultSwim
85,AeroplaneJSC
86,AffirmFilms
87,Agir
88,AgênciaNacionaldoCinema-ANCINE
89,AircraftPictures
90,AistCorporation
91,Ajiado
92,AkitaPublishing
93,AkitaShoten
94,AkkordFilm
95,Al-OneProduction&Strategy
96,Albachiara
97,Albatros
98,AlbertS.RuddyProductions
99,AlbinoFawnProductions
100,AlconEntertainment
101,AlfredImageWorks
102,AlfredImageworks
103,AlibabaPicturesGroup
104,AligatorProducciones
105,Align
106,AliwoodMediterráneoProducciones
107,All-UnionAnimatedCartoonFilmStudios
108,AllianceAtlantis
109,AlliedArtistsPictures
110,AlliedFilmmakers
111,AllsparkAnimation
112,AllsparkPictures
113,Alpha-Film(II)
114,AlpineMedienProductions
115,AmberFilmWorks
116,AmbientEntertainment
117,Amblimation
118,AmblinEntertainment
119,AmblinTelevision
120,AmericanBroadcastingCompany(ABC)
121,AmericanEmpiricalPictures
122,AmericanFilmInstitute(AFI)
123,AmericanFilmInvestmentCorporation
124,AmericanIndependentProductions
125,AmericanInternationalPictures
126,Amopix
127,AnanguGrupSL
128,AnchorBayFilms
129,AndMapsAndPlans
130,AndrewsMcMeelUniversal
131,Angoa-Agicoa
132,AnimaIstanbul
133,AnimaKids
134,AnimaVitae
135,AnimagicNetA/S
136,AnimagicStudios
137,AnimagradAnimationStudio
138,Animaker
139,AnimakidsProductions
140,AnimalLogic
141,AnimateFilm
142,AnimationDO
143,AnimationMasterclass
144,AnimationPictureCompany
145,AnimationStudioPetersburg
146,AnimationStudioRIM
147,AnimationX
148,Animationsfabrik
149,AnimeInnovationTokyo
150,AnimeInternationalCompany
151,AnimeWorldOsaka
152,AnimexProducciones
153,Animoon
154,Aniplex
155,Aniventure
156,Ankama
157,AnnapurnaPictures
158,Antenne2
159,AntonCapitalEntertainment
160,AparteFilm
161,Apipoulaï
162,ApolloFilms
163,ApoloFilms
164,AppaProductions
165,AppleCorps
166,AppleseedFilmPartners
167,AradProductions
168,AragónTV
169,ArcEntertainment
170,ArcProductions
171,Arcadi
172,ArcadiaMotionPictures
173,ArcanaStudio
174,ArchModelStudio
175,Archangel
176,ArcherEntertainmentGroup
177,ArcherProductions(II)
178,ArgentinaSonoFilm
179,ArgosFilms
180,ArkwatchHoldings
181,ArmadaFilms
182,Armenfilm
183,ArmeniaStudio
184,AronnaxAnimationStudios
185,ArtPicturesStudio
186,ArtandAnimationStudio
187,Artefactoproducciones
188,Artland
189,ArtémisProductions
190,AsahiBroadcastingCorporation
191,Asatsu-DK
192,Ascension
193,AshiProductions
194,AsmikAce
195,AsmikAceEntertainment
196,AspenProductions
197,AssemblageEntertainment
198,AssociatedTelevisionInternational
199,AstralFilms
200,AstridLindgrensVärld
201,AstroBaseGO!
202,AsymmetricVFX
203,AtelierBWCA
204,AtelierKoninck
205,Atlantic
206,AtlanticEntertainmentGroup
207,AtlasFilm
208,Atlus
209,AtmoMediaNetwork
210,AtomicCartoons
211,AtomicTelevision
212,AtomoFilms
213,Atresmedia
214,AttritionFilms
215,AudioPlanningU
216,AudiovisualAvalSGR
217,AudiovisualeMultimédia
218,AugenblickStudios
219,Aukruststiftelsen
220,AuricaFinanceCompany
221,Aurora
222,AustralianFilmCommission
223,AustralianFilmFinanceCorporation
224,AutochenilleProduction
225,AutourdeMinuit
226,Auvergne-Rhône-AlpesCinéma
227,AvalancheProductions
228,AvexEntertainment
229,AvikooStudios
230,AwesometownEntertainment
231,AxisStudios
232,B-WaterAnimationStudios
233,BAFBerlinAnimationFilm
234,BAKKENRECORD
235,BBC
236,BBCBristolProductions
237,BBCEarth
238,BBCWorldwide
239,BDAnimation
240,BFCBerlinerFilmCompanie
241,BFI
242,BFIExperimentalFilmFund
243,BMGJapan
244,BNPParibasFortis
245,BOBFilmSwedenAB
246,BONES
247,BROSTATV
248,BS24
249,BSFuji
250,BSXRecords
251,BUF
252,BabkaandStoppress!
253,BacCinema
254,BacFilms
255,BackupMedia
256,BadClamsProductions
257,BadRobot
258,BadstacheAnimationStudio
259,BagdasarianProductions
260,BakshiAnimation
261,BakshiProductions
262,BalanceFilm
263,BaldFilm
264,BaltimoreSpringCreekProductions
265,BancoRegionaldeDesenvolvimentodoExtremoSul
266,Bandai
267,BandaiDigitalEntertainment
268,BandaiEntertainment
269,BandaiNamcoArts
270,BandaiNamcoEntertainment
271,BandaiNamcoFilmworks
272,BandaiNamcoGames
273,BandaiNamcoGroup
274,BandaiNamcoLiveCreative
275,BandaiNamcoMusicLive
276,BandaiNamcoPictures
277,BandaiSpirits
278,BandaiVisual
279,BangZoom!
280,BaozouManhua
281,Bapoz
282,Baraboom!Studios
283,BarajounEntertainment
284,BardelAnimationColouringHouseLtd.
285,BardelEntertainment
286,BarefootFilms
287,BarnumStudio
288,BartonFilms
289,BarunsonE&A
290,BaseFX
291,BasokBVBA
292,BasqueFilms
293,BattyBerryMackinnonProductions
294,BavariaFilm
295,BavariaPictures
296,BazelevsProduction
297,Be-FILMS
298,BeTV
299,BeastAnimation
300,BeastProductions
301,BeastsAndNativesAlike
302,BeaverHouseStudios(KR)
303,Beaverandbeaver
304,BeeTrain
305,BeijingDadiCentury
306,BeijingEnlightPictures
307,BeijingGuangyingGongchangWenhuaChuanbo
308,BeijingHanmuChunhuaAnimationTechnologyCo.
309,BeijingJinyiJiayiFilmDistribution
310,BeijingJiyinYinghua
311,BeijingJoyPictures
312,BeijingSparkleRollMediaCorporation
313,BeijingWeiyingshidaiCulture&Media
314,BeijingWenHuaDongRunInvestment
315,BeirutInternationalCenter
316,BelgaFilms
317,BelgaProductions
318,Belgacom
319,BelokanProductions
320,Belvision
321,BentoBoxEntertainment
322,BerlantiProductions
323,BermanBraun
324,BerylProductions
325,BetaFilm
326,BeyondC.
327,BiboFilms
328,BiburyAnimationStudios
329,BidibulProductions
330,BigBeach
331,BigFarm
332,BigFilmEntertainment
333,BigIdeaProductions
334,BigRedDogProductions
335,BigSur
336,BigVision
337,BigWest
338,Bihou.Incorporated
339,Bilibaba
340,BillMelendezProductions
341,BillPlymptonStudios
342,BillPlymtonStudios
343,BillandBenProductions
344,BioIllusion
345,BioWare
346,BiografJanSvěrák
347,BirdStudios
348,BirtAcres
349,BishopStudiosLLC
350,BitsProduções
351,BitterFilms
352,BlackMariaStudios
353,BlazingProductions
354,BleibergEntertainment
355,BlenderFoundation
356,BlenderInstitute
357,BlindWink
358,BlinkIndustries
359,BlissPictureLtd.
360,BlockadeEntertainment
361,BloodWorks
362,Blue-TongueFilms
363,BlueDreamStudios
364,BlueLight
365,BlueLynx
366,BlueRibbonContent
367,BlueSkyStudios
368,BlueSpirit
369,BlurStudio
370,BobGodfreyFilms
371,Bobbs-Merrill
372,BonnieMusic
373,BookWalker
374,BophanaProduction
375,BorschtCorp.
376,Boréales
377,BoulderMedia
378,BowersComedyCorporation
379,Brain'sBase
380,BrainfeederFilms
381,BrainstormMedia
382,BrandonFilms
383,BreakthruFilms
384,BrenEntertainment
385,BridgestoneMultimediaGroup
386,BridgitFolmanFilmGang
387,BrilliantCasting
388,BritishLionFilms
389,BritishScreenProductions
390,BrittAllcroftProductions
391,BroadcastingAuthorityofIreland
392,BroadwayVideo
393,BrokeandBones
394,BronAnimation
395,BronStudios
396,BrooksfilmsLtd.
397,BrownBagFilms
398,BrownFilmsAIE
399,BrunoBozzettoFilm
400,BryanstonDistributing
401,BuenaVistaHomeEntertainment
402,BuenaVistaInternational
403,BuenaVistaNegativeCutting
404,BuenaVistaPictures
405,BuenaVistaSoundStudios
406,BullwinkleStudios
407,Bungeishunju
408,BurbankAnimationStudios
409,Bushiroad
410,BuzzStudios
411,C-GaFilm
412,C-Station
413,C.O.R.E.FeatureAnimation
414,C47Productions
415,CAOZ
416,CAPCOM
417,CBC
418,CBCFilms
419,CBS
420,CBSEntertainmentProductions
421,CBSFilms
422,CBSProductions
423,CBSSonyGroupInc.
424,CCCofAmerica
425,CCRE
426,CD2Films
427,CEPAAudiovisual
428,CGMeetup
429,CINAR
430,CJEntertainment
431,CLAP
432,CLOTHCATANIMATIONS
433,CN4Productions
434,CNC
435,CNFilm
436,CNHKMediaChina
437,CRAFTAR
438,CTBFilmCompany
439,CUCURI
440,CalArts
441,CalaveraFilms
442,CalaveraUSA
443,CaligariFilm-undFernsehproduktions
444,CaligariFilmGmbH
445,CanadaCouncilfortheArts
446,CanadianFilmDevelopmentCorporation(CFDC)
447,Canal+
448,Canal+España
449,CanalExtremadura
450,CanalSur
451,CantileverMedia
452,CapellaInternational
453,CapitánAraña
454,CaprinoFilmcentera/s
455,CaramelFilms
456,CarbunkleCartoons
457,CarltonUKProductions
458,CarpeDiemFilm&TV
459,CarrereGroupD.A.
460,CartoonFilms
461,CartoonNetworkStudios
462,CartoonSaloon
463,Cartoonia
464,Cartuna
465,CartwnCymru
466,CasaKafkaPictures
467,CasadeFilme5
468,CasioEntertainment
469,CastelaoProductions
470,CastleRockEntertainment
471,Cat'sPajamas
472,CatInTheMillStudio
473,CatherineDussartProductions(CDP)
474,CatmanduBrandedEntertainment
475,Cattleya
476,CayreBrothers
477,CaïmansProductions
478,CecchiGoriGroupFin.Ma.Vi
479,CecchiGoriGroupTigerCinematografica
480,CelebrityProductions
481,CelluloidDreams
482,CentralPartnership
483,CentrumTechnologiiAudiowizualnych
484,Century21Television
485,ChainwheelProductions
486,ChamanProductions
487,Channel4Television
488,Chaocorp
489,ChapmanEntertainment
490,Charades
491,CharlesM.SchulzCreativeAssociates
492,CharlexFilms
493,Chatrone
494,ChengduCocoCartoon
495,CherninEntertainment
496,Children'sTelevisionWorkshop(CTW)
497,ChinaFilmAnimation
498,ChinaFilmGroupCorporation
499,ChinaLionEntertainmentProduction
500,ChinaLiteratureLimited
501,ChinatownS.r.l.
502,ChiodoBros.Productions
503,ChrisLeeProductions
504,ChristianeCegavskeProductions
505,Chromosphere
506,ChuckJonesEnterprises
507,ChuckJonesFilmProductions
508,ChugokuBroadcasting(RCC)
509,ChungeorahmFilm
510,ChunibyoDemoProductionCommittee
511,CiclopeFilmes
512,CineCamera
513,CinecicFilm
514,CinemArt
515,CinemaCenterFilms
516,CinemaFour
517,CinemaFund
518,CinemaNX
519,CinemaSunshine
520,Cinemaker
521,CinemationIndustries
522,Cinereach
523,Cineriz
524,CinesiteAnimation
525,CinestaanFilmCompany
526,Cineteam
527,Ciné+
528,CinéB
529,CinéCinéma
530,CinéGroupe
531,CinéTéFilmproduktieB.V.
532,CinéTébvba
533,CinépolisProducciones
534,ClassicMedia
535,ClassicMediaProductions
536,ClemensenCapital
537,CloseUpFilms
538,CloverWorks
539,CoMixWaveFilms
540,CodeRed
541,CodexPictures
542,Cofanim3
543,Cofinova3
544,Col.Ima.Son
545,Cola-ColectivoAudiovisual
546,ColifilmsDistribution
547,CologneCartoon
548,ColoredPencilAnimationJapan
549,ColumbiaPictures
550,ColumbiaPicturesofArgentina
551,Columbus81Productions
552,ColumbusProductions
553,Comcast
554,ComedyCentral
555,ComedyCentralFilms
556,Comenius-FilmGmbH
557,CometEntertainment
558,CometFilm
559,ComicBurger
560,Cominici
561,CommotionPictures
562,ComoFilms
563,CompagnieFrançaiseCinématographique(CFC)
564,CondorFilms
565,ConflictivosProductions
566,ConsejeríadeCultura
567,ConsejeríadeCulturadelaJuntadeAndalucía
568,ConstantinFilm
569,ContenderEntertainmentGroup
570,ContinentalFilm
571,Contrafilm
572,ConundrumEntertainment
573,CoolBeans
574,Coop99Filmproduktion
575,CopaStudio
576,CopenhagenBombay
577,CopenhagenBombaySverige
578,CopperheartEntertainment
579,CoproductionOffice
580,CosgroveHallFilms
581,Cosmos-Maya
582,CottonwoodMedia
583,CourtsideSeatsProductions
584,Coverage
585,Crave
586,CreaSynStudio
587,CreateNSW
588,CreativeCapersEntertainment
589,CreativeFilmSociety
590,CreativeIntelligenceArts
591,CreativeProjectsGroup
592,CreativeSkillset'sSkillsInvestmentFund
593,CreativeWealthMediaFinance
594,Creatures
595,CrestAnimationProduction
596,CrestAnimationProductions
597,CreticaUniversal
598,CromosomaTVproduccions
599,CroneFilmProduktion
600,Crossfield
601,Cruel&UnusualFilms
602,CulverEntertainment
603,CuppaCoffeeStudios
604,Curb/EsquireFilms
605,CuriousPictures
606,Cyborn
607,Cygames
608,CygamesPictures
609,D.N.DreamPartners
610,DAXProduction
611,DCComics
612,DCEntertainment
613,DCNation
614,DDG
615,DDPStudios
616,DELiGHTWORKS
617,DFI
618,DHXMedia
619,DKPStudios
620,DLE
621,DMGEntertainment
622,DMM.com
623,DNA
624,DNAProductions
625,DNEG
626,DPI
627,DR
628,DRMovie
629,DYNEntertainment
630,Dacodac
631,DaewonProductions
632,DaftLife
633,DagoProductions
634,DaiconFilm
635,DanKrechProductions
636,DandeLionAnimationStudio
637,DanskTegnefilm
638,DargaudFilms
639,DargaudMarina
640,DargaudMédia
641,DarkHorseEntertainment
642,DarkPrince
643,DasWerkProductions
644,DaveEdwardsStudio
645,DavidKirschnerProductions
646,DavidLynchTheater
647,DavidO'Reilly
648,DavidProduction
649,DavisEntertainment
650,DeAPlaneta
651,DeFamilieJanssen
652,DeLaurentiisEntertainmentGroup
653,DeLinePictures
654,DePatie-FrelengEnterprises
655,DelacaveStudio
656,Delfilm
657,DenSisteSkilling
658,DenVestdanskeFilmpulje
659,Densetsu
660,DentsuTec
661,DepartamentodeCulturadelGobiernoVasco
662,DepartmentofMultimediaandAnimationArts
663,DestinationFilms
664,DetDanskeFilminstitut
665,Detailfilm
666,DetourFilmproduction
667,DeutscherFilmförderfonds
668,DeutschesFilmorchesterBabelsberg
669,DiCEntertainment
670,DiaboloFilms
671,DiaphanaFilms
672,DibulitoonStudio
673,DigiArt
674,DigiartProductions
675,DigicPictures
676,DigitAnima
677,DigitalDreamsFilms
678,DigitalFrontier
679,DigitalGraphics
680,DigitalIdea
681,DigitalNetworkAnimation
682,DigitalRussia
683,Diler&Associados
684,Diluvio
685,DingoPictures
686,Directions
687,DiscotekMedia
688,DiscreetArtsProductions
689,DisgraceFilms
690,DisneyBrandedTelevision
691,DisneyEducationalProductions
692,DisneyJunior
693,DisneyTelevisionAnimation
694,DisneyToonStudios
695,DisruptionEntertainment
696,DjangoFilms
697,DocomoAnimeStore
698,DoghouseFilms
699,Dolphin-Films
700,DonBluthFilms
701,Done+Dusted
702,DongwooA&E
703,DosCorazones
704,DoubleDareYouProductions
705,DoubleDutchInternational
706,DoubleEagle
707,DoubleHemm
708,Dr.SeussEnterprises
709,DrDStudios
710,DraconianFilms
711,DragonDreams
712,DragonProduction
713,DreadknoughtPictures
714,DreamCastle
715,DreamEntertainment
716,DreamFactoryGroup
717,DreamSearchContentsandCompanyco.Ltd
718,DreamWorksAnimation
719,DreamWorksAnimationTelevision
720,DreamWorksClassics
721,DreamWorksHomeEntertainment
722,DreamWorksPictures
723,Dreamin'DolphinFilm
724,DuneEntertainment
725,Dupuis
726,Duran
727,DutchCulturalBroadcastingPromotionalFund
728,DutchFilmFund
729,Dwango
730,DygraFilms
731,DynamicPlanning
732,DynamiteEntertainment
733,DépartementdelaCharente
734,E-dehiAnimationStudio
735,EEDocSmithMKCompany
736,EFG-RenascenceProductions
737,EFICINE189
738,EGGFIRM
739,EMDesign
740,EPlusTechnologies
741,ESMA
742,EagleEyeFilmproduktion
743,EagleHomeEntertainment
744,EalingStudios
745,Earthrise
746,EastJapanMarketing&Communications
747,EasyEFilms
748,EchoStudio
749,EcoleGeorgesMéliès
750,EdgarRiceBurroughsInc.
751,EdisonStudios
752,Eficine
753,Eficine226
754,EgmontImagination
755,EiTB
756,EidnesStudios
757,EinsteinFilm
758,Ekran
759,ElToroPictures
760,ElectricChinoland
761,ElectricEyeEntertainmentCorporation
762,ElectricSomewhere
763,ElectronicArts
764,ElectronicArts(EA)
765,ElephantintheBlackBox
766,ElevationPictures
767,ElginRoadProductions
768,EllaFilm
769,EllipsanimeProductions
770,EmbassyPicturesCorporation
771,Emotion
772,Enarmonia
773,EncoreAction
774,EnlightPictures
775,Enterbrain
776,EntertainmentMotionPictures
777,EntertainmentOne
778,EntertainmentOneTelevision
779,EntertainmentStudiosMotionPictures
780,EntreChienetLoup
781,EpiscopalRadio-TVFoundation
782,Epix
783,EpochInkAnimation
784,Epuar
785,EracmeEntertainment
786,ErfttalFilm
787,ErosInternational
788,EsperantoFilmoj
789,Esse&BiCinematograficaProduzione
790,EstudioMariscal
791,EstúdioLuno
792,Eurimages
793,EuroVideoMedienGmbH
794,EuropaCorp
795,EuropaFilmes
796,Europool
797,EvergreenFilms
798,EvergreenFilmsLLC
799,EvergreenMD
800,EvilEyePictures
801,EvolutionFilms
802,ExMachinaFilmPartners
803,ExampleofIntonation
804,ExformatFilms
805,ExodusFilmGroup
806,ExodusProductions
807,Extrafilm
808,F.A.F.Entertainment
809,FAIFilms
810,FAMU
811,FFA
812,FFAPrivateBank
813,FFFBayern
814,FFPNewMediaGmbH
815,FGLProductions
816,FIDECINE
817,FILM.UAGroup
818,FLATSTUDIO
819,FXDigital
820,FXProductions
821,FablesPicturesInc.
822,Fabriqued'images
823,FairyTaleDCProductionCommitteeforTheaterVersion
824,FaithWorks
825,FalcomMedia
826,FamaFilm
827,FamilyHomeEntertainment
828,FamilyHomeEntertainment(FHE)
829,FamousPlayers
830,FamousStudios
831,FangsCo.
832,FantasticFilmsInternational
833,FantasyFilms
834,Fantawild
835,FantawildAnimation
836,Fanworks
837,Far-SunFilmCompany
838,FathomStudios
839,FederalSecurityAgency
840,FelixFilm
841,FelixtheCatCreations
842,FernandoTruebaPC
843,FicciónProducciones
844,FiddlyFigAnimationStudios
845,FidélitéFilms
846,Film-undMedienstiftungNRW
847,Film4Productions
848,FilmArante
849,FilmBorisvonBorrisholm
850,FilmFundLuxembourg
851,FilmLaboratoriesofCanada
852,FilmRepresentations
853,FilmRoman
854,FilmVictoria
855,FilmWorkshop
856,FilmackStudios
857,FilmakademieBaden-Württemberg
858,FilmandMusicEntertainment(F&ME)
859,FilmationAssociates
860,Filmax
861,FilmaxAnimation
862,FilmaxEntertainment
863,FilmedePapel
864,FilmfondsWien
865,FilmförderungHamburgSchleswig-Holstein
866,Filmhuset
867,FilmiVäst
868,FilmlinkInternational
869,FilmovéstudioGottwaldov
870,FilmsA2
871,FilmstandortAustria(FISA)
872,Filmógrafo
873,FinalCutforReal
874,Finalement
875,Finas
876,Finecut
877,FirstChannel
878,FirstLadyFilm
879,FirstLookPictures
880,FirstPerformancePictures
881,FishBlowingBubbles
882,FitViaVi
883,FizzSoundCreation
884,FlagshipEntertainmentGroup
885,FlamarionFerreiraFilms
886,FlameVentures
887,FlatBlackFilms
888,FlatlandProductions
889,FleischerStudios
890,FlemingtonPictures
891,FlinchStudio
892,FlowerFilms
893,FloydCountyProductions
894,FlyingBarkProductions
895,FlyingDog
896,FlyingTigersEntertainment
897,Focus-FoxStudioTámogatásával
898,FocusFeatures
899,Foliascope
900,Folimage
901,Folivari
902,FondodeInversiónyEstímulosalCine(FIDECINE)
903,FondsFilminVlaanderen
904,FontanaFilm
905,FortissimoFilms
906,FortuneCookieFilmproduktion
907,ForumDistribution
908,Fox2000Pictures
909,FoxAnimationStudios
910,FoxFamilyFilms
911,FoxInternationalProductionsGermany
912,FoxInternationalProductionsJapan
913,FoxKidsEuropeProperties
914,FoxKidsInternationalProgramming
915,FoxKidsNetwork
916,FoxSearchlightPictures
917,FoxTelevisionAnimation
918,FrameboX
919,France2Cinéma
920,France3
921,France3Cinéma
922,FranceTélévisions
923,FrankMourisProductions
924,Franklin/WatermanProductions
925,FranklinEntertainment
926,FredQuimbyProductions
927,FrederatorNetworks
928,FrederatorStudios
929,FreeAsABird
930,FreeAssociation
931,FreeJimmyProductions
932,FreeRangeStudios
933,FreestyleReleasing
934,FreshFilms
935,FritzProductions
936,FrontRowFilmedEntertainment
937,FrontierWorks
938,FroschbergFilmstudio
939,FuRyu
940,FujiEigaCompany
941,FujiTelevisionNetwork
942,FujikoProductions
943,FukuokaBroadcastingSystem
944,FunAcademyMediaGroup
945,FunHighProductions
946,FundoSetorialdoAudiovisual
947,FunimationFilms
948,FunimationGlobalGroup
949,Futabasha
950,FutureShorts
951,Futurikon
952,FuturikonProductionII
953,FuzzyDoorProductions
954,FuzzyRealms
955,FísÉireann/ScreenIreland
956,G.D.H.
957,GAGACommunications
958,GAGACorporation
959,GAINAX
960,GAMEFREAK
961,GEEKTOYS
962,GENCO
963,GFMAnimation
964,GHKKassel
965,GK-FilmStudioAB
966,GKFilms
967,GNDHDDT
968,GONZO
969,GPO(GeneralPostOffice)FilmUnit
970,GPOFilmUnit
971,GREE
972,GRIZZLY
973,GYAO
974,GainEnterprises
975,GakkenCo.Ltd.
976,Gallop
977,GaoShanPictures
978,GaoshanPictures
979,GatewayFilms
980,Gaumont
981,Gaumont-Alphanim
982,GaumontAnimation
983,GaumontInternational
984,GeffenPictures
985,Gelma-Films
986,Gen
987,GenProductions
988,GeneonEntertainment
989,GeneonUniversalEntertainment
990,GeneralEntertainmentCo.LTD
991,GenesisEntertainment
992,GenoStudio
993,GeorgePalProductions
994,GiantAnimation
995,GiantDolphinPictures
996,GibranNationalCommittee
997,Gigglefish
998,GilbertFilms
999,GimpvilleAS
1000,GlandPowerFilms
1001,GlazEntretenimento
1002,GlenKeaneProductions
1003,GlobalScreen
1004,GlobalSolutions
1005,GloboFilmes
1006,GloboRojo
1007,Gloob
1008,GloriamundiProducciones
1009,Glovision
1010,GnomeProductions
1011,Go-Valley
1012,GoHands
1013,GoWestInvest
1014,Gobelins
1015,GobiernodeCantabria
1016,GoldValleyFilms
1017,Goldcrest
1018,GoldenBooksFamilyEntertainment
1019,GoldenFilms
1020,GoldenMean
1021,Goldfinch
1022,GoldmannPictures
1023,GolemCreations
1024,GoodDeedEntertainment
1025,GoodSmileCompany
1026,GoodSmileFilm
1027,GoodStoryProductions
1028,GoodTimesEntertainment
1029,GoodhillVision
1030,GoogleSpotlightStories
1031,Gorgonaut
1032,GorkyFilmStudios
1033,GoskinoUSSR
1034,GosteleradioUSSR
1035,GothamGroup
1036,GracieFilms
1037,GraffitiFilm
1038,Grafi2000Productions
1039,GrandAllureEntertainment
1040,Graphinica
1041,GravityAnimation
1042,GreaseballProductions
1043,GreenBunny
1044,GreenPublicidadyMedios
1045,GreengrassProductions
1046,GridAnimation
1047,GriffithFilmSchool
1048,GrindstoneEntertainmentGroup
1049,GroupTAC
1050,GrouperProductions
1051,GrupoFinancieroInbursa
1052,GruppoAlcuni
1053,GuardianTrustCompany
1054,GulfStreamPictures
1055,GullaneEntretenimento
1056,GullanePictures
1057,GulliverFilms(CY)
1058,Gunhil
1059,GuruAnimationStudio
1060,GuruStudio
1061,Gutenberghus
1062,GébékaFilms
1063,H5
1064,HALFH・PSTUDIO
1065,HAWHamburgDepartmentDesign
1066,HBO
1067,HBWinkAnimation
1068,HELICHEN’GUANGINTERNATIONALMEDIA
1069,HHGFilmCompany
1070,HR
1071,HTVCymruWales
1072,HWTwo
1073,HaftSanq
1074,HahnFilmAG
1075,HahnShinCorporation
1076,Hakuhodo
1077,HakuhodoDYMediaPartners
1078,HakuhodoDYMusic&Pictures
1079,Hakusensha
1080,HalasandBatchelorCartoonFilms
1081,HallmarkEntertainment
1082,HallmarkProperties
1083,Halo-8Entertainment
1084,HaloProductions
1085,HammerheadProductions
1086,HampaAnimationStudio
1087,HanWayFilms
1088,HandMadeFilms
1089,HandleProductions
1090,Hanna-BarberaProductions
1091,Hanson
1092,HanzoFZE
1093,HaolinersAnimation
1094,HappinetPhantomStudios
1095,HappinetPictures
1096,HappyLife
1097,HappyMadisonProductions
1098,HarbourTowns
1099,Harman-IsingProductions
1100,HarmoniousClaptrap
1101,HarmonyGold
1102,Hasbro
1103,HasbroStudios
1104,Hausboot
1105,HautetCourt
1106,HayakawaPublishing
1107,HeadGearFilms
1108,Headgear
1109,HeartCompany
1110,HeartofEuropePragueKProductions
1111,HelkonMedia
1112,HemisphereMediaCapital
1113,HengdianChineseFilmProductionCo.
1114,HeraldEntertainment
1115,HermicFilms
1116,HeroldandFamily
1117,HessenFilmundMedien
1118,HeyiCapital
1119,Hi-TopsVideo
1120,HiTEntertainment
1121,HighSpiritInc.
1122,HintonAnimationStudios
1123,HiroshimaTelecasting
1124,Hivemind
1125,HochschulefürBildendeKünsteHamburg
1126,Holbrooks
1127,HollywoodGangProductions
1128,HollywoodLicensingGroup
1129,HolyMotionStudio
1130,HomeMadeMovies
1131,HoneyWorks
1132,HorgosColoroomPictures
1133,HorgosGoldenAbundantCultureMediaCo.
1134,Horipro
1135,HosemAnimationStudio
1136,HotPropertyFilms
1137,Houbunsha
1138,HouseofCoolStudios
1139,HoytyboyPictures
1140,HuaxiaFilmDistribution
1141,HuayiBrothersPictures
1142,HuevocartoonProducciones
1143,HuhuStudios
1144,HuluJapan
1145,HumanWoman
1146,HumaneSocietyInternational
1147,Hungarofilm
1148,HurwitzCreative
1149,Hydralab
1150,HyperionPictures
1151,HéliumFilms
1152,Hólamói
1153,I.G3D
1154,IAMEntertainment
1155,IBMResearch
1156,ICAA
1157,ICAIC
1158,ICEC
1159,ICO
1160,ICONCreativeStudio
1161,IDTEntertainment
1162,IMAGICA
1163,IMAX
1164,IMSProductions
1165,INCAA
1166,ING
1167,ITCEntertainment
1168,ITNDDTD
1169,ITVSInternational
1170,Icebox2.0
1171,IcedTeaProductions
1172,IdealStandardFilm
1173,IdolCompany
1174,IdunaFilmProduktiongesellschaft
1175,IervolinoEntertainment
1176,Igape
1177,IkiruFilms
1178,IkkiFilms
1179,IlLuster
1180,IlionAnimationStudios
1181,IllogicStudios
1182,IlluminataPictures
1183,Illumination
1184,IllusionStudios
1185,ImageEntertainment
1186,ImageForum
1187,ImageMovers
1188,ImagiAnimationStudios
1189,ImagicTelecom
1190,Imagination
1191,ImagineDocumentaries
1192,ImagineEntertainment
1193,ImpossiblePictures
1194,ImprovisionCorporation
1195,InEfecto
1196,InPostWeTrust
1197,Ina
1198,Inc
1199,Inc.
1200,IncessantRainStudios
1201,Independent
1202,IndependentFilmChannel
1203,IndependentLens
1204,IndianPaintbrush
1205,IndieSales
1206,IndiecitoStudios
1207,Indieplug
1208,IndigoFilm
1209,IndustrialLight&Magic
1210,InfiniteFrameworks
1211,IngeniousMedia
1212,Ink
1213,InkwellStudios
1214,InstitutfürKulturforschung
1215,InstitutoMexicanodeCinematografía
1216,InstitutodoCinema
1217,InsurgePictures
1218,InternationalBusinessMachines(IBM)
1219,InternationalDigitalArtist(IDA)
1220,InternationalLutheranLaymen'sLeague
1221,InternationalTVBroadcasting
1222,InternationalTelephoneandTelegraphCorporation
1223,IntuitionFilms
1224,IrisFilms
1225,IrisProductions
1226,IrishFilmIndustry
1227,IshinomoriProductions
1228,IslandRecords
1229,IsleofManFilm
1230,IsraelFilmFund
1231,IstitutoLuceCinecittà
1232,ItacaFilms
1233,J-SpecPictures
1234,J.C.STAFF
1235,JAVN
1236,JC2AnimatedEntertainment
1237,JEMPSA
1238,JMAnimation
1239,JPLFilms
1240,JPZtudio
1241,JRoseProductions
1242,JTeam
1243,JVC
1244,JamFilledToronto
1245,JambalayaStudio
1246,JanetYangProductions
1247,JanuaryFilms
1248,JapanAssociationofMusicEnterprises(JAME)
1249,JapanHomeVideo
1250,JayFilm
1251,JayWardProductions
1252,JeffLewProductions
1253,JerryBruckheimerFilms
1254,Jesuisbiencontent
1255,JetlagProductions
1256,JilinVixoPictures
1257,JimichelionEntertainment
1258,JoanC.GratzProductions
1259,Job
1260,JoeMurrayProductionsInc.
1261,JohnK.Studios
1262,JohnMagnusonAssociates
1263,JoliePas
1264,Joris&Marieke
1265,JourorDistribution
1266,JudgementalFilms
1267,JulianneFilms
1268,JumboPictures
1269,K-Production
1270,KADOKAWA
1271,KASK
1272,KCMedien
1273,KDDI
1274,KGBStudio
1275,KNM
1276,KNMHomeEntertainmentGmbH
1277,KRUStudios
1278,KSS
1279,KT&GSangsangmadang
1280,KTBNetwork
1281,KadokawaMediaHouse
1282,KadokawaShoten
1283,KaikaiKikiCo.
1284,KaïbouProduction
1285,KamikazeDouga
1286,KanakiFilms
1287,KanameProductions
1288,KanbarAnimation
1289,KanbarEntertainment
1290,KandorGraphics
1291,KandorProductions
1292,KanetsuInvestment
1293,KansaiTelevision
1294,KantanaAnimationStudios
1295,KaohsiungFilmFund
1296,KapersAnimation
1297,KareKareFilm
1298,KawamotoProductionsLtd.
1299,KazakProductions
1300,Kaïbou
1301,Kecskemétfilm
1302,KelAirProductions
1303,KennedyMillerProductions
1304,KernerEntertainmentCompany
1305,KhalaboInkSociety
1306,Khanzhonkov
1307,KiKA
1308,Kickstart
1309,KidsStation
1310,KilledthecatProductions
1311,KillerBeanStudiosLLC
1312,Kinder&FerreroMultimediaProduction
1313,KinemaCircus
1314,KinemaCitrus
1315,KingFeaturesProduction
1316,KingFeaturesSyndicate
1317,KingRecords
1318,KinoAtis
1319,Kinology
1320,KinoshitaGroup
1321,KiraB.M.Films
1322,Kiryûkan
1323,Kissfilms
1324,KittyFilms
1325,Klasky-Csupo
1326,KleinLewisProductions
1327,KnacK
1328,Knudsen&StreuberMedienmanufaktur
1329,KobayashiShokai
1330,KobeStudios
1331,Kodansha
1332,Kominsk
1333,Konami
1334,KoninckStudios
1335,KoolProduktion
1336,KoolToonEntertainment
1337,KoreaEducationalBroadcastingSystem(EBS)
1338,KoreanFilmCouncil
1339,Korokoro
1340,KortyFilms
1341,KotobukiSeihanPrinting
1342,KroyerFilms
1343,KrátkýfilmPraha
1344,KrátkýfilmPraha–FilmovéstudioGottwaldov
1345,KrátkýfilmPraha–StudioBratřivtriku
1346,KrátkýfilmPraha–StudioJiříhoTrnky
1347,KrátkýfilmPraha–Studioanimovanýchfilmů
1348,KrátkýfilmPraha–Studiodokumentárníchfilmů
1349,KrátkýfilmPraha–StudiokreslenéhoaloutkovéhofilmuPraha
1350,Kugatsusha
1351,KungFuDorkStudios
1352,Kyivnaukfilm
1353,Kyokuichi-TokyoMovie
1354,KyoritzAdvertisingAgency
1355,KyotoAnimation
1356,KôkakuKidôtaiSeisakuIinkai
1357,L'AtelierAnimation
1358,LEGO
1359,LIDENFILMS
1360,LINE
1361,LLC
1362,LPPTV
1363,LUXXFilm
1364,LaCause
1365,LaCompagnieCinématographique
1366,LaCompetenciaProducciones
1367,LaFabrique
1368,LaFiesta
1369,LaPartiProduction
1370,LaPetiteReine
1371,LaRégionÎle-de-France
1372,LaSeptCinéma
1373,LaStationd'Animation
1374,LacewoodProductions
1375,LaikaEntertainment
1376,LakeshoreEntertainment
1377,LamaFilms
1378,LanternaMagica
1379,Lantis
1380,LargeFormatCinema
1381,LargerThanLifeProductions
1382,LarryLevinsonProductions
1383,LateNiteFilms
1384,LatinWorldEntertainment
1385,Lauenstein&Lauenstein
1386,Laugh-O-GramFilms
1387,LaurenceMarkProductions
1388,Lawson
1389,LawsonEntertainment
1390,Lay-duce
1391,LayblProductions
1392,Le-JoyAnimationStudio
1393,LePacte
1394,LeTrainTrain
1395,LeVisionPictures
1396,LeeMendelsonFilmProductions
1397,LegacyClassics
1398,LegendaryPictures
1399,LeoSanchezStudio
1400,LeonSchlesingerProductions
1401,Lerche
1402,LesArmateurs
1403,LesCinéastesAssociés
1404,LesContesModernes
1405,LesDocumentsCinématographiques
1406,LesFilmsAction
1407,LesFilmsArmorial
1408,LesFilmsGibé
1409,LesFilmsPaulGrimault
1410,LesFilmsPelléas
1411,LesFilmsSauvages
1412,LesFilmsd'IciMéditerranée
1413,LesFilmsd'ici
1414,LesFilmsdel'Arlequin
1415,LesFilmsduCygne
1416,LesFilmsduGrognonRTBF
1417,LesFilmsduTambourdesoie
1418,LesFilmsduTriangle
1419,LesFilmsdupoissonrouge
1420,LesGémeaux
1421,LesProductionsArtistesAssociés
1422,LesProductionsBalthazar
1423,LesProductionsRenéGoscinny
1424,LesProductionsduCh'timi
1425,LesQuatreProduction
1426,LesfilmsduPréau
1427,Lesfilmsdugrognon
1428,LespritInc.
1429,LesproductionsPascalBlais
1430,LesterOstermanProductions
1431,LesÉditionsAlbertRené
1432,Level-5
1433,LicensingBrands
1434,LichthofProductionsLtd.
1435,LifeWorkCorporation
1436,LifeboatNews
1437,LightChaserAnimationStudios
1438,LightStarStudios
1439,LightboxAnimationStudios
1440,LightboxEntertainment
1441,LighthouseProductions
1442,LightningBoyStudio
1443,LikeAPhotonCreative
1444,LinPictures
1445,LineResearch
1446,LionForgeAnimation
1447,LionRockProductions
1448,LionsGateFamilyEntertainment
1449,Lionsgate
1450,LisbergerStudios
1451,LittleDreamEntertainment
1452,LittleMinxFilms
1453,LittleSchmidtProductions
1454,LittleWolfEntertainment
1455,LiveEntertainment
1456,Liverpool
1457,LivingDeadGuyProductions
1458,LocksmithAnimation
1459,LocomotiveProductions
1460,LocusCreativeStudios
1461,Loew'sIncorporated
1462,LogicalPictures
1463,LonelyFilmProductionsGmbH&Co.KG.
1464,LordMiller
1465,LordsProductions
1466,LorimarTelepictures
1467,LosHijosdeJack
1468,LosRocketsLaPelícula
1469,LotteEntertainment
1470,Lotterywest
1471,LoutkovýfilmPraha
1472,LowSparkFilms
1473,Ltd
1474,Ltd.
1475,LucasfilmAnimation
1476,LucasfilmLtd.
1477,LucentPicturesEntertainment
1478,LuckyRed
1479,LuluStudios
1480,LumaPictures
1481,Lumatic
1482,LumenFilms
1483,Luminescence
1484,LumiqStudios
1485,Lunanime
1486,LupusFilms
1487,LutheranChurch-MissouriSynod
1488,LuxAnimation
1489,LuxFugitFilm
1490,LuxPopuliProduction
1491,LuxPopuliVFX
1492,LäskonstenAB
1493,M&MProductions
1494,M.A.R.K.13
1495,M.S.C.
1496,M2Film
1497,M6
1498,M6Films
1499,M6Studio
1500,MAGES.
1501,MAGGarden
1502,MAGNET
1503,MAPPA
1504,MATIV
1505,MAURfilm
1506,MBS
1507,MDR
1508,MEDIAProgrammeoftheEuropeanUnion
1509,MEDIAsub-programmeofCreativeEurope
1510,MFM
1511,MGAEntertainment
1512,MGMAnimation/VisualArts
1513,MGMCartoonStudio
1514,MGMFamilyEntertainment
1515,MGMTelevision
1516,MICROMAGAZINE
1517,MK2Films
1518,MKProductionsLtd.
1519,MLGProductions2
1520,MLGProductions4
1521,MRC
1522,MS-Films
1523,MTJJ
1524,MTV
1525,MTVAnimation
1526,MTVEntertainmentStudios
1527,MTVFilms
1528,MTVNetworks
1529,MacGuffLigne
1530,MackMedia
1531,MadChance
1532,MadEntertainment
1533,MadHatterEntertainment
1534,MadSolar
1535,MadeinProductions
1536,Madhouse
1537,MadmanEntertainment
1538,Mafilm
1539,MagellanFilms
1540,MagicBus
1541,MagicCapsule
1542,MagicLightPictures
1543,MagmaFilms
1544,MagnoliaPictures
1545,MagyarMozgóképKözalapítány
1546,MainJourney
1547,MainframeEntertainment
1548,MainframeStudios
1549,MainstreamApS
1550,MaipoFilm
1551,MajesticFilmproduktion
1552,MajorStudioPartners
1553,MalezaEstudio
1554,Mammaaiuto
1555,MandarinProduction
1556,MandateInternational
1557,MandevilleFilms
1558,MandooPictures
1559,ManfredDurniokFilmproduktion
1560,Manga
1561,MangaEntertainment
1562,Manglobe
1563,ManuelCamStudio
1564,MarathonMedia
1565,MarbeanAnimation
1566,MarcBrownStudios
1567,MardockScrambleProductionCommittee
1568,MarsFilms
1569,MarshallFlaumProduction
1570,Marubeni
1571,MarvelAnimation
1572,MarvelEnterprises
1573,MarvelEntertainment
1574,MarvelKnights
1575,MarvelProductions
1576,MarvelStudios
1577,MarvelTelevision
1578,MarvelousAQL
1579,MarvyJack
1580,MarzaAnimationPlanet
1581,MassAnimation
1582,MasterFilms
1583,MatadorPictures
1584,MatsumotoProduction
1585,Mattel
1586,MattelCreations
1587,MattelEntertainment
1588,MattelPlaygroundProductions
1589,MattelTelevision
1590,MatthewA.CherryEntertainment
1591,MauriciodeSousaProduções
1592,Mavcap
1593,Maxwell-Petok-PetrovichProductions
1594,MaybeMovies
1595,McDonald's
1596,MeatDept
1597,MeatballAnimation
1598,MediaFactory
1599,MediaOneGlobalEntertainment
1600,Mediabrigade
1601,Mediabyte
1602,MediajuiceStudios
1603,Mediawan
1604,MedicosEntertainment
1605,MedienfondsGFP
1606,MedusaDistribuzione
1607,MedusaFilm
1608,MegaComputeur
1609,Megafilm
1610,MegatrixSau
1611,MelnitsaAnimationStudio
1612,MelodramaPictures
1613,MeltdownProductions
1614,MelusineProductions
1615,MelònDigital
1616,Memory-Tech
1617,MeniThingsProductions
1618,MercuryFilmworks
1619,MeridianBroadcastingLtd
1620,Mesai
1621,Mesfilms
1622,MetacubeTechnology&Entertainment
1623,MetanoiaFilms
1624,MethodAnimation
1625,Metro-Goldwyn-Mayer
1626,Metro-Goldwyn-MayerAnimation
1627,MetroVoices
1628,MetrolTechnology
1629,MetronomeProductions
1630,Metronomic
1631,MetropolisProject
1632,MetrovisiónProducciones
1633,MiC
1634,Micott&BasaraK.K.
1635,MicottBasaraK.K.
1636,MightyCoconut
1637,MikeYoungProductions
1638,Mikrofilm
1639,MikrosAnimation
1640,MikrosImage
1641,MiliPictures
1642,Milimetros
1643,Millimages
1644,MiloslavŠmídmajer
1645,MimicProductions
1646,MindsMeet
1647,MiniArt
1648,MinisterievandeVlaamseGemeenschap
1649,MinisteriodeCultura
1650,MinisteriodeCulturaEspaña
1651,MinisterodelTurismoedelloSpettacolo
1652,MinistèreNationaleetdelaCultureFrançaise
1653,Ministèredelaculture
1654,MinotaurusFilmLuxembourg
1655,MiracleBus
1656,MirageStudios
1657,Miramax
1658,MiramaxAnimation
1659,Miravista
1660,Mitsubishi
1661,MitsubishiShoji
1662,MitsuiBussan
1663,MiyagiTelevisionBroadcasting
1664,MoPA
1665,MockingbirdPictures
1666,Modelink
1667,MoetionFilms
1668,MogamboFilms
1669,Moholy-NagyUniversityofArtandDesign
1670,MoiAnimation
1671,Moldova-Film
1672,Mollywood
1673,MolotEntertainment
1674,MondoCaneFilmes
1675,MondoHomeEntertainment
1676,MondoMedia
1677,MondoTV
1678,MoneyTodayPublishing
1679,MonipolyProductions
1680,MonkeyPunchPictures
1681,MonkeypawProductions
1682,MonsterAgencyProductions
1683,MookAnimation
1684,MoomiosMovieAIE
1685,MoonbotStudios
1686,MoonfireStudio
1687,MorenaFilms(producedby)
1688,MorganCreek
1689,MorgenStudios
1690,MotionInvestmentGroup
1691,MotionMakersAnimationStudioPvt.Ltd.
1692,MotionWorks
1693,MotionpickerProductions
1694,MovieWalker
1695,Movistar+
1696,Mrs.BrisbyLtd.
1697,MufAnimat
1698,MuhanInvestment
1699,MundolocoEstudios
1700,Murakami-WolfProductions
1701,MushiProduction
1702,MuséeduLouvre
1703,MuttandJeffPictures
1704,MyGroupLebanon
1705,MyriadPictures
1706,MysticFireVideo
1707,MyungFilms
1708,N.I.S.
1709,NAIAProductions
1710,NAS
1711,NASSOSVAKALIS
1712,NBC
1713,NDR
1714,NESTFamilyEntertainment
1715,NFTS
1716,NHK
1717,NHKEnterprises
1718,NOWORNEVER
1719,NTTDocomo
1720,NUT
1721,NadasdyFilm
1722,NagoyaBroadcastingNetwork
1723,NahualaFilms
1724,Namco
1725,Narrativia
1726,NationalTaiwanUniversityofArts
1727,NatterjackAnimation
1728,NaturalImage
1729,NeedProductions
1730,NelkePlanning
1731,Nelvana
1732,NemzetiKulturálisÖrökségMinisztériuma
1733,NeoNetwork
1734,NeoReel
1735,NepentheProductions
1736,NerdCorpsEntertainment
1737,Netflix
1738,Netmarble
1739,NewFormDigital
1740,NewLineCinema
1741,NewLineHomeEntertainment
1742,NewSouthWalesFilm&TelevisionOffice
1743,NewWorldEntertainmentFilms
1744,NewZealandFilmCommission
1745,NextEntertainmentWorld
1746,NexusFactory
1747,NexusProductions
1748,NexusStudios
1749,Nibariki
1750,Nichion
1751,NickelodeonAnimationStudio
1752,NickelodeonMovies
1753,NickelodeonProductions
1754,NigelProductions
1755,NightwheelPictures
1756,NihonAnimatorMihonichi
1757,NihonTelevisionNetwork
1758,NilssonHouseMusicInc.
1759,NimbleCollective
1760,NinaPaley
1761,Nintendo
1762,NippanGroupHoldings
1763,NipponAnimation
1764,NipponBSBroadcasting
1765,NipponColumbia
1766,NipponHeraldFilms
1767,NipponRamayanaFilmCo.
1768,NipponTVMusic
1769,NipponTelevisionMusicCorporation
1770,NipponTelevisionNetworkCorporation
1771,NishimuraMotionPictureModelMakersGroup
1772,NitrogenStudiosCanada
1773,Nitroplus
1774,NobleEntertainment
1775,NoerlumStudios
1776,NomadFilms
1777,NoneMoreProductions
1778,NoodlesProduction
1779,Nord-OuestFilms
1780,NordiskFilm
1781,NordiskFilm&TVFond
1782,NordiskFilmDenmark
1783,NormanStudio
1784,NormanTwainProductions
1785,NorskFilm
1786,NorskFilminstitutt
1787,NorthPoleProductionsLLC
1788,NorthStarPictures
1789,NorthernLightsEntertainment
1790,Nozon
1791,NuanceProductions
1792,Nørlum
1793,O'HenrySoundStudios
1794,O2BFilms
1795,O2Filmes
1796,OBPlanning
1797,OBS
1798,OCN
1799,OCS
1800,OEntertainment
1801,OFI
1802,OLM
1803,ONAnimationStudios
1804,ONF|NFB
1805,ONO
1806,ORF
1807,ORIXInvestment
1808,OatsStudios
1809,OcidentalFilmes
1810,OctoberAnimationStudio
1811,OctoberMedia
1812,OctopieNetwork
1813,Octopolis
1814,OddballAnimation
1815,OdecKidCartoons
1816,Odin'sEyeAnimation
1817,Odoltogi
1818,OdraFilm
1819,Odyssey
1820,OdysseyEntertainment
1821,OfficePrion
1822,OfficedeRadiodiffusionTélévisionFrançaise
1823,OfficeofCharles&RayEames
1824,OgdenEntertainmentCompany
1825,Oh!Production
1826,OhGoodProductions
1827,OitaGodoShimbun
1828,OliveBridgeEntertainment
1829,OlmosProductions
1830,Omation
1831,OmegaProject
1832,OmnibusJapan
1833,OnEntertainment
1834,One&AllAnimationStudio
1835,OneCoolFilmProduction
1836,OneMoreProduction
1837,OniriaPictures
1838,OnkyoEizoSystemCo.
1839,OnyxFilms
1840,OpenRoadFilms
1841,OptimumProductions
1842,OpusFilm
1843,Opusbou
1844,Orange
1845,OrangeAnimationStudio
1846,OrangeEye
1847,OrangeStudio
1848,Ordet
1849,OrellanaPictures
1850,OriginalForceAnimation
1851,OutOfTheBoxFeatures
1852,OutoftheInkwellFilms
1853,Oxybot
1854,P.A.WORKS
1855,P.R.O.
1856,PARCO
1857,PASTEL
1858,PBSKIDS
1859,PESFilm
1860,PISF
1861,POP6
1862,PROCIREP
1863,PSO
1864,PWSFTviT
1865,PachacamacFilm
1866,PacificBayEntertainment
1867,PacificBayEntertainmentCanada
1868,PacificDataImages
1869,PacificTitle
1870,PajarracoFilms
1871,PalermoEstudio
1872,PalomarPictures
1873,PampaFilms
1874,PanacheProductions
1875,PanamaGrandPrix
1876,Pandemonium
1877,PandoraCinema
1878,PandoraFilm
1879,Panique!
1880,PannóniaFilmstúdió
1881,PanoramaStudio
1882,PaperplaneProductions
1883,PaprikaFilmPartners
1884,ParadiseProductionCenter
1885,ParallelFilms
1886,Paramount
1887,ParamountAnimation
1888,ParamountHomeEntertainment
1889,ParamountPicturesInternational
1890,Pariah
1891,ParovozAnimation
1892,ParticularCrowd
1893,PartizanFilms
1894,PascalPictures
1895,PassionPictures
1896,PassionPicturesAustralia
1897,Passione
1898,Passworld
1899,Pastel
1900,PatSullivanCartoons
1901,Patagonik
1902,PatalexProductions
1903,Pathé
1904,PathéConsortiumCinéma
1905,PathéContemporaryFilms
1906,PathéDistribution
1907,PathéFrères
1908,PathéRennProductions
1909,Paul&JoeProductions
1910,PaulThiltgesDistributions
1911,PavilionFilms
1912,Paws
1913,PearlStudio
1914,PedriAnimation
1915,PegbarProductions
1916,PelículasPendelton
1917,PenguinBooks
1918,PennFilmStudioAB
1919,PensylvaniaAcademyofFineArts
1920,PepeSchoolLand
1921,PerHolstFilmproduktion
1922,PerroVerdeFilms
1923,PeyoteFilms
1924,PhantomFour
1925,Phase4Films
1926,PhilippineAnimationStudioInc.
1927,PhilmCGI
1928,PhoenixAnimationStudios
1929,PhoenixEntertainment
1930,PhoenixEntertainmentGroup
1931,PhoenixFilmInvestments
1932,PicnicBasket
1933,PictakCie
1934,Pictanovo
1935,Pierrot
1936,PikachuProject
1937,PikachuProject'98
1938,PikachuProject'99
1939,PikachuProject2000
1940,PikachuProject2001
1941,PilotMoscowAnimationStudio
1942,Pinkman.TV
1943,Pintoff-CrossbowProductions
1944,PioneerLDC
1945,PipangaïProduction
1946,PipelineFilms
1947,PistaB
1948,PistorProductions
1949,Pixar
1950,PixelZoo
1951,Pixeltruck
1952,Pixibox
1953,PixoloidStudios
1954,PixomondoMunich
1955,Pixtation
1956,PlatigeFilms
1957,PlatigeImage
1958,Playtone
1959,PlazaEntertainment
1960,Plum
1961,Plural-Jempsa
1962,Plymptoons
1963,PointGreyPictures
1964,PokémonUSA
1965,PolarisFilmProductions
1966,Polichinei-Film
1967,PollenMusicGroup
1968,PolyGramVideo
1969,PolycInternationalBV
1970,PolygonPictures
1971,PolymorphicPictures
1972,Pomalux
1973,PonyCanyon
1974,PonyUpPictureStudios
1975,PopUpProduction
1976,Poplar
1977,PorchLightEntertainment
1978,PortadosFundos
1979,PottertonProductions
1980,PowerhouseAnimationStudios
1981,PranaAnimationStudios
1982,PranaStudios
1983,Presidio
1984,Pricel
1985,PrimaLinéaProductions
1986,PrimeFocusWorld
1987,PrimerFrame
1988,PrimeworksStudios
1989,ProduccionesBajolaLluvia
1990,ProduccionesGarcíaFerré
1991,ProduccionsAFonsagrada
1992,ProductionChampion
1993,ProductionI.G
1994,ProductionMIS
1995,ProductionduCirque
1996,Productions10thAve
1997,ProjectTeamArgos
1998,PromenadePictures
1999,Promenons-nousdanslesbois
2000,ProphetScreenPartners
2001,Propulsion
2002,ProximityMedia
2003,Proximus
2004,PumpkinStudio
2005,Punkrobot
2006,PuppetworksAnimationStudio
2007,PureImaginationStudios
2008,PurpleCowStudiosJapan
2009,Q-Tec
2010,QEDInternational
2011,QuadProductions
2012,QualiaAnimation
2013,Quaras
2014,Quebico
2015,Quimby-Hanna/Barbera
2016,QuorumFilms
2017,QvistenAnimation
2018,R&RCommunications
2019,RAI
2020,RAICinema
2021,RBB
2022,RED3YEProductions
2023,RGPFrance
2024,RISEPICTURES
2025,RISINGPRODUCTION
2026,RKORadioPictures
2027,RTBF
2028,RTLSuper
2029,RTLTelevision
2030,RTS
2031,RTÉ
2032,RWE
2033,RYOTFilms
2034,RadarFilm
2035,Rainbow
2036,RaindanceEntertainment
2037,RaindogsCine
2038,RainmakerEntertainment
2039,RainmakerStudios
2040,Rakuonsha
2041,RalphEdwardsProductions
2042,Rankin/BassProductions
2043,RatPacEntertainment
2044,RatPackFilmproduktion
2045,RaymondLeblanc
2046,RazorFilmProduktion
2047,ReDefine
2048,RealitismFilms
2049,RedHour
2050,RedLojoEntertainment
2051,RedStar3D
2052,RedWagonEntertainment
2053,Redrover
2054,ReelFXCreativeStudios
2055,RegencyEnterprises
2056,RegencyFilms
2057,RegentCapital
2058,RelativityMedia
2059,RelianceBigEntertainment
2060,RembrandtFilms
2061,Remochoso
2062,RenaissancePictures
2063,RenatoAragãoProduçõesCinematográficas
2064,RenegadeAnimation
2065,RenegadeFilms
2066,RenoProductions
2067,RentrakJapan
2068,ResnickInteractiveDevelopment
2069,RevcomTélévision
2070,RexEntertainment
2071,RezoProductions
2072,RhombusMedia
2073,RhythmandHues
2074,RialtoProductions
2075,RichAnimationStudios
2076,RichardPurdumProductions
2077,RichardWilliamsProductions
2078,RickReinertProductions
2079,Rideback
2080,RinglingCollegeofArt+Design
2081,RioFilme
2082,RitaProductions
2083,Ritm
2084,RiverProductionsLtd
2085,RobHouwerFilmHolland
2086,RobotCommunications
2087,Rock'nRollMountain
2088,RocketPictures
2089,RocksInMyPockets
2090,RonaldMcDonaldHouseCharities
2091,RoosterTeethProductions
2092,RospCoruña
2093,RothkirchCartoonFilm
2094,RougeInternational
2095,RoughDraftStudios
2096,RovioAnimation
2097,RovioEntertainment
2098,RoyalCollegeofArt
2099,RubenBrandt
2100,RudolfIsingProductions
2101,RégionBretagne
2102,RégionPoitou-Charentes
2103,RégionProvence-Alpes-Côted'Azur
2104,S&CPictures
2105,SAMGAnimation
2106,SANKYO
2107,SATELIGHT
2108,SBCreative
2109,SBS
2110,SBSIndependent
2111,SCFilmsInternational
2112,SCOPEInvest
2113,SCOPEPictures
2114,SDEntertainment
2115,SEGA
2116,SEGANetworks
2117,SEPPInternationalS.A.
2118,SEVENTWO
2119,SFStudios
2120,SHAFT
2121,SILVERLINK.
2122,SKYPerfectBroadcasting
2123,SKYPerfectWellThink
2124,SModcastPictures
2125,SNAKECULTPTYLTD
2126,SNC
2127,SND
2128,SNK
2129,SNLStudios
2130,SODEC
2131,SPZEntertainment
2132,SQUAREENIX
2133,SRGSSR
2134,SSAnimnetInc.
2135,STUDIO4℃
2136,STUDIOMAUSU
2137,STUDIOPONOC
2138,STUDIORIKKA
2139,STUInc
2140,STXFilms
2141,SUNRISE
2142,SUPAMONKS
2143,SVAMFAComputerArts
2144,SVT
2145,SWR
2146,SabanEntertainment
2147,SacrebleuProductions
2148,SaeromEntertainment
2149,SagittariusProductions
2150,Sahamongkolfilm
2151,SaitoEntertainment
2152,SaitoProduction
2153,SakuraMotionPicture
2154,SaludProductions
2155,Sammy
2156,SamsaFilm
2157,SamuelGoldwynCompany
2158,SamuelGoldwynFilms
2159,SandcastleStudios
2160,SandrewMetronomeDistribution
2161,Sandrews
2162,Sanrio
2163,SantoDomingoFilms
2164,Sanzigen
2165,SapporoTelevisionBroadcastingCompany
2166,SaulBass&Associates
2167,SaulZaentzFilmProductions
2168,ScheschFilmkreation
2169,SchmubyProductions
2170,ScholasticProductions
2171,SchubertInternationalFilmproduktions
2172,ScienceSARU
2173,ScopasMedien
2174,ScottRudinProductions
2175,ScreenAustralia
2176,ScreenFlanders
2177,ScreenGems
2178,ScreenNSW
2179,ScreenNovelties
2180,ScreenWest
2181,Se-Ma-For
2182,SecondFrogAnimationGroup
2183,SecretariadeCulturaeEconomiaCriativadoEstadodeSãoPaulo
2184,SectionEight
2185,SedicInternational
2186,Seikaisha
2187,SeionStudio
2188,SenatorFilm
2189,SenecaCollege
2190,SentaiFilmworks
2191,SeraphimDigital
2192,SerendipityPointFilms
2193,ServicedelaRecherchedel'ORTF
2194,SevenArcs
2195,SevenArcsPictures
2196,SevenBucksProductions
2197,SevenPictures
2198,ShadowMachine
2199,ShandongFilm&TVGroup
2200,ShanghaiAnimationFilmStudio
2201,ShanghaiHoongmanTechnologyCo.
2202,ShanghaiYingjingCultureMediaCo.
2203,ShanghaiYuewen
2204,Shangri-LaEntertainment
2205,Shelty
2206,SheltyCompanyLimited
2207,SheridanCollege
2208,ShermanPictures
2209,Shin-EiAnimation
2210,ShinkaiMakoto
2211,Shirogumi
2212,ShizuokaDaiichiTelevision
2213,Shochiku
2214,ShochikuMediaDivision
2215,Shogakukan
2216,Shogakukan-ShueishaProductions
2217,ShogakukanProduction
2218,ShonenGahosha
2219,ShorelineEntertainment
2220,ShotgunPictures
2221,ShotgunSoftware
2222,Shout!Factory
2223,Showgate
2224,Shudder
2225,Shueisha
2226,Shuka
2227,ShôjoKakumeiUtenaProductionCo.
2228,Siamese
2229,Sianel4Cymru(S4C)
2230,Sib-Tower12Productions
2231,Sidus
2232,Signal.MD
2233,SillyPixel
2234,SilverAnt
2235,SilverNitrate
2236,SilverPictures
2237,SilverReel
2238,SilverScreenPartnersII
2239,SilverScreenPartnersIII
2240,SilverScreenPartnersIV
2241,SilvergateMedia
2242,SimkaEntertainment
2243,SimonWestProductions
2244,Simpals
2245,SingingFrogStudio
2246,Sinématik
2247,SirZipStudios
2248,SiriolProductions
2249,SixPointHarness
2250,SizEntertainment
2251,SkazkaAnimationStudio
2252,SkellingtonProductionsInc.
2253,SkipAheadInitiative
2254,Skrivstugan
2255,SkyAngelNetwork
2256,SkyFrame
2257,SkydanceAnimation
2258,SkydanceAnimationEast
2259,SkylineEntertainment
2260,SkywalkerSound
2261,SlovenskáfilmovátvorbaKoliba(SFT)
2262,SnazelleFilms
2263,Snee-OoshProductions
2264,SnoopadelicFilms
2265,SnootEntertainment
2266,SnowLightStaff
2267,SnowmanEnterprise
2268,SocialCapital
2269,SociétéNouvelledeDoublageSND
2270,SociétéRadio-Canada
2271,SociétédesFilmsd’ArtetdeCulture
2272,SociétédesProducteursdeL'Angoa
2273,SoficaEuropaCorp
2274,SoficaValor8
2275,Soficinéma
2276,SolaDigitalArts
2277,SonarEntertainment
2278,SonicTeam
2279,Sonilude
2280,SonsofManual
2281,SonyBMGFeatureFilms
2282,SonyMusicCommunications
2283,SonyMusicEntertainment
2284,SonyMusicEntertainment(Japan)
2285,SonyMusicLatin
2286,SonyMusicSolutions
2287,SonyPCL
2288,SonyPictures
2289,SonyPicturesAnimation
2290,SonyPicturesClassics
2291,SonyPicturesDigital
2292,SonyPicturesHomeEntertainment
2293,SonyPicturesImageworks
2294,SonyPicturesReleasing
2295,SonyPicturesTelevisionStudios
2296,SonyWonder
2297,Sotsu
2298,SoundBox
2299,SoundTeam・DonJuan
2300,SouthParkStudios
2301,SouthernStarProductions
2302,Soyuzmultfilm
2303,SparxAnimationStudios
2304,SpecialTouchStudios
2305,SpectacleEntertainmentGroup
2306,SpiffyPictures
2307,SpikeTV
2308,SpinMaster
2309,SplashEntertainment
2310,SpringHillEntertainment
2311,SpriteAnimationStudios
2312,Spümcø
2313,SquarePictures
2314,SquareUSA
2315,SquareVisualWorksCo.Ltd.
2316,Squeeze
2317,Stage6Films
2318,StanLeeComics
2319,StarChildRecording
2320,StarburnsIndustries
2321,StarchildRecords
2322,Starktoons
2323,StarzAnimation
2324,StarzMedia
2325,StayerStudio
2326,SteamboyCommittee
2327,SteamheadsStudios
2328,SteveKrantzProductions
2329,SteveN'Steven
2330,SteveWalshProductions
2331,StevenCuttsProductions
2332,StoneCanyonEntertainment
2333,StoopidBuddyStoodios
2334,StoopidMonkey
2335,StormFilms
2336,StormStudios
2337,Story
2338,StoryArkMedia
2339,StoryboardStudios
2340,StoryoscopicFilms
2341,StraightEdge
2342,StrategicDreamers
2343,StratoStorm
2344,StreetlightAnimation
2345,StretchFilms
2346,StrikerEntertainment
2347,Strongman
2348,Studiaanimovanéhofilmu
2349,Studio100
2350,Studio100Animation
2351,Studio100Media
2352,Studio352
2353,Studio37
2354,Studio3Hz
2355,StudioA
2356,StudioAKA
2357,StudioAnima
2358,StudioAnimal
2359,StudioAoi
2360,StudioBAnimation
2361,StudioBProductions
2362,StudioBabelsberg
2363,StudioBeam
2364,StudioBoston
2365,StudioCanal
2366,StudioChizu
2367,StudioCockpit
2368,StudioColorido
2369,StudioCosmos
2370,StudioDadashow
2371,StudioDeen
2372,StudioFantasia
2373,StudioFilmoweKadr
2374,StudioFilmówRysunkowych(Bielsko-Biała)
2375,StudioFuga
2376,StudioGDS
2377,StudioGhibli
2378,StudioHibari
2379,StudioJack
2380,StudioKimchi
2381,StudioKvartal95
2382,StudioLagurus
2383,StudioLive
2384,StudioMiniaturFilmowych
2385,StudioMir
2386,StudioMyrkott
2387,StudioNue
2388,StudioO
2389,StudioPraxinos
2390,StudioRakete
2391,StudioShar
2392,StudioSoi
2393,StudioTakuranke
2394,StudioVOLN
2395,StudioWombat
2396,StudioXilam
2397,StudioloutkovéhofilmuGottwaldov
2398,Studiopolis
2399,StudiosIdéfix
2400,Sublimation
2401,Submarine
2402,Sudoku
2403,SudokuApS
2404,SullivanBluthStudios
2405,SumitomoCorporation
2406,SummerDaysWithCooCommittee
2407,SummertimeEntertainment
2408,SummitEntertainment
2409,Sumzap
2410,SunacPictures
2411,SunbeamTV&Films
2412,SunbowProductions
2413,SuningGlobalMedia
2414,SunriseProductions
2415,SunsweptEntertainment
2416,SunwooEntertainment
2417,SuperProductions
2418,Superprod
2419,SuperprodAnimation
2420,Supinfocom
2421,SurpriseRed
2422,SvenskaFilminstitutet
2423,SverdlovskFilmStudio
2424,SwanIII
2425,SwanIILLC
2426,SwartzCanTalk
2427,SwellProductions
2428,SwipeFilms
2429,Sygnatia
2430,SymbosysTechnologies
2431,SynthesisAnimationStudio
2432,SyonMedia
2433,SüddeutscherRundfunk
2434,Südwestfunk(SWF)
2435,T-JOY
2436,T.O.Entertainment
2437,T2Studio
2438,TAJProductions
2439,TATProductions
2440,TBS
2441,TBSRadio
2442,TF1
2443,TF1DroitsAudiovisuels
2444,TF1FilmsProduction
2445,TFC
2446,TFCTrickompanyFilmproduktion
2447,THEKLOCKWORX
2448,THOUSANDDELIGHTPICTURES
2449,TMSEntertainment
2450,TMSMusic
2451,TNDG
2452,TOHO
2453,TOHO-TOWA
2454,TOHOMUSIC
2455,TOIION
2456,TOY'SFACTORY
2457,TPSCinéma
2458,TPSStar
2459,TRIGGER
2460,TSGEntertainment
2461,TSR
2462,TTAnimation
2463,TUBAn
2464,TV-Loonland
2465,TV2
2466,TV2000Film-undFernsehproduktionsGmbH
2467,TV3
2468,TVAFilms
2469,TVAInternational
2470,TVAsahi
2471,TVCLondon
2472,TVCartoons
2473,TVE
2474,TVG
2475,TVTokyo
2476,TVTokyoMedianet
2477,TVUNAM
2478,TYOProductions
2479,TYPE-MOON
2480,Tabac
2481,TadeoJonesyelSecretodeMidasA.I.E.
2482,TaftBroadcasting
2483,TaikoStudios
2484,TakToonEnterprise
2485,TakaraTomy
2486,Takeshobo
2487,Tallinnfilm
2488,TandemFilms
2489,TangentAnimation
2490,Tara
2491,TashkentStudios
2492,TatsunokoProduction
2493,TaurusEntertainmentCompany
2494,TaurusProduktion
2495,Tchack
2496,TchinTchinProductions
2497,TeamFilmAB
2498,TeamTO
2499,TearStudio
2500,Technicolor
2501,TedEshbaughStudios
2502,TeleImage
2503,TeleMadrid
2504,TelePlus
2505,TelecableBeneluxB.V.
2506,TelecincoCinema
2507,Telecine
2508,TelecomAnimationFilm
2509,Telefe
2510,TelefónicaStudios
2511,Telegael
2512,Telepool
2513,TelevisiónPúblicadeCanarias
2514,TelevíziaJOJ
2515,TenChimneysEntertainment
2516,TencentPictures
2517,Tenk.tv
2518,Tensegrity
2519,TezukaProductions
2520,ThamesTelevision
2521,TheAnimationWorkshop
2522,TheAnswerStudio
2523,TheAsahiShimbun
2524,TheAsylum
2525,TheAwakeningProduction
2526,TheBigFarm
2527,TheBigGunProject
2528,TheCartel
2529,TheCatintheHatProductions
2530,TheCuriosityCompany
2531,TheDanishFilmInstitute
2532,TheDepartmentofTradeandIndustryofSouthAfrica
2533,TheFilmSociety
2534,TheGlow
2535,TheHalcyonCompany
2536,TheHarveyEntertainmentCompany
2537,TheJamHandyOrganization
2538,TheJimHensonCompany
2539,TheKennedy/MarshallCompany
2540,TheKrakenFilms
2541,TheKushner-LockeCompany
2542,TheLaddCompany
2543,TheMagicalSociety
2544,TheMirischCompany
2545,TheMonkStudios
2546,TheMovieNetwork
2547,TheNationalFilmandVideoFoundationofSA
2548,TheOntarioFilmDevelopmentCorporation
2549,ThePokémonCompany
2550,ThePumpkinFactory
2551,TheRankOrganisation
2552,TheSPAStudios
2553,TheStoryCompany
2554,TheThinklab
2555,TheUnitedStatesAirForce
2556,TheVitaphoneCorporation
2557,TheWaltDisneyCompany(Japan)
2558,TheWaltDisneyCompanyEMEA
2559,TheWeinsteinCompany
2560,ThisIsIt
2561,ThomasStellmachAnimation
2562,ThousandWords
2563,ThreeMillsStudios
2564,ThresholdAnimationStudios
2565,ThresholdEntertainment
2566,TianjinMaoyanWeyingMedia
2567,TianjinNiceboatCultureCommunication
2568,TidalFilms
2569,TihamaHolding
2570,TimBurtonAnimationCompany
2571,TimBurtonProductions
2572,TimelessFilms
2573,TinHouseProductions
2574,TinseltownToons
2575,TinyInventions
2576,TipTop
2577,TippettStudio
2578,TischSchooloftheArts(NYU)
2579,TitanicCartoons
2580,Titmouse
2581,TobisFilm
2582,ToeiAnimation
2583,ToeiCompany
2584,Tohan
2585,TokumaShoten
2586,TokyoLaboratory
2587,TokyoMX
2588,TokyoMovie
2589,TokyoMovieShinsha
2590,TokyoTVCenter
2591,TokyoTheatresCompany
2592,TolerableEntertainment
2593,TomorrowEntertainment
2594,Tomy
2595,ToneplusAnimationStudios
2596,TonkoHouse
2597,ToonBoxEntertainment
2598,ToonCity
2599,ToonCityAnimation
2600,ToonderStudio's
2601,Toons'N'Tales
2602,ToonzAnimationIndia
2603,ToonzEntertainment
2604,TopDrawAnimation
2605,Topcraft
2606,ToppanPrinting
2607,Toranoana
2608,ToshibaEMI
2609,TouchstonePictures
2610,TowaProductions
2611,TrademarkFilms
2612,TransArts
2613,TransEuropeFilm
2614,TransfilmInternational
2615,TreehouseAnimation
2616,TreehouseComix
2617,Treklövern
2618,TremoloProductions
2619,TrephineProductions
2620,TriStarPictures
2621,TriangleStaff
2622,TribecaProductions
2623,TrickStudioLutterbeck
2624,Triggerfish
2625,TrinityFilmProduction
2626,TripodEntertainment
2627,True3D
2628,Trébol3
2629,TsuchidaProduction
2630,TubeEntertainment
2631,TuncheFilms
2632,TundraProductions
2633,TurismoyDeporte
2634,TurnerEntertainment
2635,TurnerFeatureAnimation
2636,TurnerHomeEntertainment
2637,TurnerPictures
2638,TurnerStudios
2639,TwilightStudio
2640,TwinEngine
2641,TwinFilms
2642,TwitchingImageStudio
2643,TwoGhosts
2644,TylerPerryStudios
2645,TyphoonGraphics
2646,Télé-Québec
2647,Télécip
2648,TéléfilmCanada
2649,U-DriveProductions
2650,U.S.DepartmentofTreasury
2651,U.S.TreasuryDept.DefenseSavingStaff
2652,UCLASchoolofFilmandTelevision
2653,UFAFiction
2654,UFOProduction
2655,UKFilmCouncil
2656,UNLIMITEDPRODUCEbyTMS
2657,USERT38
2658,UTVMotionPictures
2659,Ubisoft
2660,UbisoftFilm&Television
2661,UkrainianStateFilmAgency
2662,UltraSuperPictures
2663,UlysseProduction
2664,Ulysses
2665,UlyssesFilmproduktion
2666,UnderdogProductions
2667,UnearthedFilms
2668,UniKo
2669,UnitedArtists
2670,UnitedEntertainment
2671,UnitedFeatureSyndicate(UFS)
2672,UnitedMediaProductions
2673,UnitedPlanktonPictures
2674,UnitedProductionsofAmerica
2675,UnitedProductionsofAmerica(UPA)
2676,UnitedStatesPublicHealthService
2677,UnityTechnologies
2678,UnitéCentrale
2679,Universal1440Entertainment
2680,UniversalAnimationStudios
2681,UniversalCartoonStudios
2682,UniversalFilmManufacturingCompany
2683,UniversalHomeVideo
2684,UniversalMediaStudios
2685,UniversalPictures
2686,UniversalPictures(Australasia)PtyLtd
2687,UniversalPicturesJapan
2688,UniversalProductionPartners
2689,UniversalStudiosHomeEntertainment
2690,UniversityofUtah
2691,UniversumFilm
2692,UniversumFilm(UFA)
2693,Upstairs
2694,Uzbekfilm
2695,V1studio
2696,VAP
2697,VH1Television
2698,VIS
2699,VIZMedia
2700,VPRO
2701,Valdemar
2702,Valeness
2703,ValisaFilmsProd.
2704,Value&PowerCultureCommunications
2705,VanHeckeConsultComm.V.
2706,VancouverSocietyofIndependentAnimators(VSIA)
2707,VanguardAnimation
2708,VentanarosaProductions
2709,VentureworldFilms
2710,VerlagFriedrichOetinger
2711,VertigoEntertainment
2712,VespaPictures
2713,VezonInvestissements
2714,ViacomMediaNetworks
2715,VictorEntertainment
2716,VictorianCollegeoftheArts
2717,VideoBrinquedo
2718,Videocine
2719,VideocraftInternational
2720,ViewAskewProductions
2721,VikingFilm
2722,VillageRoadshowEntertainment
2723,VillageRoadshowPictures
2724,VilledeParis
2725,VirgilWidrichFilmproduktion
2726,VirginLandsAnimatedPictures
2727,VirtusoProductions
2728,VisceralGames
2729,Vision
2730,VisualArt's/Key
2731,VitagraphCompanyofAmerica
2732,VitrineFilmes
2733,Vivacomix
2734,Vivementlundi!
2735,ViviFilm
2736,VlaamsAudiovisueelFonds
2737,VoiceBoxProductions
2738,VíaDigital
2739,W2Studios
2740,W9
2741,WANDAMEDIACOMPANY
2742,WAOWorld
2743,WATTframe
2744,WAUAnimation
2745,WDR
2746,WGBH
2747,WITSTUDIO
2748,WMGFilm
2749,WVEnterprises
2750,WWEStudios
2751,WaadiAnimations
2752,WakaokamiProject
2753,WaldenMedia
2754,WalkingTheDog
2755,Wallimage
2756,WaltDisneyAnimation
2757,WaltDisneyAnimationJapan
2758,WaltDisneyAnimationStudios
2759,WaltDisneyFeatureAnimation
2760,WaltDisneyHomeVideo
2761,WaltDisneyPictures
2762,WaltDisneyPicturesKids
2763,WaltDisneyProductions
2764,WaltDisneyStudio
2765,WaltDisneyStudios
2766,WaltDisneyStudiosHomeEntertainment
2767,WaltDisneyTelevisionAlternative
2768,WalterLantzProductions
2769,WandaFilmandTelevisionMediaCo.
2770,WandaPictures
2771,WangFilmProductions
2772,WarnerBros.Animation
2773,WarnerBros.Cartoons
2774,WarnerBros.Entertainment
2775,WarnerBros.EntertainmentEspaña
2776,WarnerBros.EntertainmentGermany
2777,WarnerBros.FamilyEntertainment
2778,WarnerBros.HomeEntertainmentGroup
2779,WarnerBros.Japan
2780,WarnerBros.Pictures
2781,WarnerBros.PicturesAnimation
2782,WarnerBros.Television
2783,WarnerHomeVideo
2784,WarnerHorizonTelevision
2785,WarnerIndependentPictures(WIP)
2786,WarnerPremiere
2787,WarnerPremiereDigital
2788,WashingtonSquareFilms
2789,WatershipProductions
2790,WeatheringWithYouFilmPartners
2791,WebSpiderProductions
2792,WeedRoadPictures
2793,WerbefilmGmbHJuliusPinschewer
2794,WestCape
2795,WhamaphramProductions
2796,Whateversmiles
2797,WhiteFox
2798,WhiteHousePictures
2799,WhyNotProductions
2800,WilFilm
2801,WilFilmApS
2802,WildBrainStudios
2803,WildBunch
2804,WildbrainEntertainment
2805,WildfremdProduction
2806,WildstormProductions
2807,WillVintonStudios
2808,WilliamsStreet
2809,WingNutFilms
2810,Witox
2811,WizartAnimation
2812,WladyslawStarewiczProduction
2813,WolfTracerStudiosInc
2814,WonderKiller
2815,WonderfulWorks
2816,WonderlandSoundandVision
2817,WonderworldStudios
2818,WunderWerk
2819,Wyatt-Cattaneo
2820,WytwórniaFilmówDokumentalnych(WFD)
2821,WüsteFilm
2822,XBOfilms
2823,XEBEC
2824,XFLAG
2825,XenonPictures
2826,XinguFilms
2827,XuntadeGalicia
2828,YCAlligatorFilm
2829,YLE
2830,YOMIKOAdvertising
2831,YUGRAFilmCompany
2832,YaYa!Films
2833,Yahoo!Japan
2834,YamamuraAnimation
2835,Yamiken
2836,YangYangPictures
2837,Yasahi-MationProductions
2838,YashRajFilms
2839,YiAnimation
2840,YodiMovieCraftsman
2841,YomiuriShimbunCompany
2842,YomiuriTelecastingCorporation
2843,YoshimotoKogyo
2844,YouWantIShould
2845,Youmex
2846,YoungheartProductions
2847,YumetaCompany
2848,ZDF
2849,ZDF/Arte
2850,ZEILTproductions
2851,ZEXCS
2852,ZaftigFilms
2853,ZagrebFilm
2854,Zagtoon
2855,ZahoríMedia
2856,ZanitaFilms
2857,ZealousCreative
2858,ZeegProductions
2859,ZentropaEntertainments
2860,ZetaStudios
2861,ZeusFilm
2862,ZhaoWeiFilms
2863,ZhejiangHengdianFilmProduction
2864,ZipfelmützenGmbH&Co.KG
2865,ZircoZine
2866,Zoofilms
2867,Zoom(KR)
2868,a.k.a.Cartoon
2869,addict.
2870,animationworkshop
2871,avexpictures
2872,bilibili
2873,bolexbrothers
2874,bravenewworkFilmproduktions
2875,chainsawkiss
2876,clubinvest
2877,d-rights
2878,dentsu
2879,dentsuMusicAndEntertainment
2880,diomedéa
2881,directrain
2882,dugout
2883,evilrabbitfilms
2884,herbXFilm
2885,iFilm
2886,iPictures
2887,iQIYIPictures
2888,icon
2889,ithinkasia
2890,khaki
2891,khara
2892,movic
2893,nWavePictures
2894,nekojarashi
2895,ntc
2896,picolopictures
2897,projectNo.9
2898,uFilm
2899,uFund
2900,uMedia
2901,ufotable
2902,universalPicturesVideo
2903,voqueting
2904,yes
2905,ÁnimaEstudios
2906,ÉcoledesNouvellesImages
2907,Českátelevize
2908,НашеКино
2909,星皓影业有限公司
